site_id,once_married_percentage,agree_percentage,agree,legal_vote,legal_population,population
連江縣南竿鄉,0.5749706381312801,0.7824307304785895,2485,3176,6461,7663
連江縣北竿鄉,0.6107216494845361,0.7804878048780488,832,1066,2125,2425
連江縣莒光鄉,0.6508034610630408,0.7648578811369509,592,774,1481,1618
連江縣東引鄉,0.5703703703703704,0.7526132404181185,432,574,1138,1350
金門縣金城鎮,0.6138718984420081,0.7940828402366864,10065,12675,37815,43325
金門縣金沙鎮,0.6381832178598922,0.8333865814696486,5217,6260,18560,20784
金門縣金湖鎮,0.6137459807073955,0.7966869133075649,7214,9055,25915,29856
金門縣金寧鄉,0.5632929324728475,0.7224895076261644,7058,9769,28162,31765
金門縣烈嶼鄉,0.6537594277272374,0.8153998025666338,3304,4052,11676,12861
金門縣烏坵鄉,0.593841642228739,0.8471337579617835,133,157,567,682
宜蘭縣宜蘭市,0.5531692641958802,0.7116877099501911,30720,43165,79167,95732
宜蘭縣羅東鎮,0.5458285588060691,0.7164413706381642,22790,31810,57686,72433
宜蘭縣蘇澳鎮,0.6115367168993499,0.7399474087871152,13507,18254,34512,39682
宜蘭縣頭城鎮,0.6038856279820135,0.7430851475943286,9591,12907,25135,29133
宜蘭縣礁溪鄉,0.5984446503270726,0.7380639509417434,11795,15981,31084,35619
宜蘭縣壯圍鄉,0.6094148629742409,0.739067674280377,8704,11777,21447,24302
宜蘭縣員山鄉,0.5997335894179239,0.7401197604790419,10506,14195,28131,32281
宜蘭縣冬山鄉,0.5964826021180031,0.7315923566878981,17229,23550,45405,52880
宜蘭縣五結鄉,0.6069342235035278,0.7304061225629853,13075,17901,34892,39543
宜蘭縣三星鄉,0.6305538648813147,0.7279773750916518,6950,9547,19051,21359
宜蘭縣大同鄉,0.5754565844280679,0.8713704994192799,3001,3444,4935,6242
宜蘭縣南澳鄉,0.5574397339983375,0.8550777014817492,2366,2767,4644,6015
新竹縣竹北市,0.5413748558739377,0.6907951349199214,53786,77861,137129,187336
新竹縣竹東鎮,0.5675866362315833,0.7509957754978878,31110,41425,78794,96380
新竹縣新埔鎮,0.6096544224262929,0.7702133094903564,12060,15658,28894,33104
新竹縣關西鎮,0.6093492658653678,0.785070214338507,10622,13530,24712,28537
新竹縣湖口鄉,0.5647757120049441,0.7608463161545799,26323,34597,63511,77668
新竹縣新豐鄉,0.557002457002457,0.7590870667793744,18858,24843,45790,56980
新竹縣芎林鄉,0.600848938826467,0.7541067238036935,7391,9801,17293,20025
新竹縣橫山鄉,0.6169834646886108,0.7940899088337001,5052,6362,11346,12942
新竹縣北埔鄉,0.6196036422067488,0.7708380139294541,3431,4451,8180,9335
新竹縣寶山鄉,0.6195808015293234,0.7361167962887161,5395,7329,12973,14647
新竹縣峨眉鄉,0.6627886164310005,0.796644984594317,2327,2921,5068,5587
新竹縣尖石鄉,0.5353274883960805,0.8610572259941804,3551,4124,7364,9695
新竹縣五峰鄉,0.61416003351487225,0.8379782711384034,1774,2117,3997,4774
苗栗縣苗栗市,0.5780357304797316,0.763702009868817,31728,41545,74249,88216
苗栗縣苑裡鎮,0.5942137975271504,0.7782110307244198,16565,21286,38890,45211
苗栗縣通霄鎮,0.609172746528595,0.7756985222946376,12021,15497,29709,33992
苗栗縣竹南鎮,0.5569371879716707,0.7478738292604156,27788,37156,68528,86130
苗栗縣頭份市,0.5693677787371096,0.7605246502695271,34848,45821,83617,103081
苗栗縣後龍鎮,0.5954436384698127,0.7687918630612751,12396,16124,30948,36257
苗栗縣卓蘭鎮,0.6253884771694955,0.7696764847899565,6376,8284,14772,16732
苗栗縣大湖鄉,0.6270542742715095,0.7816056118472331,5014,6415,12653,14482
苗栗縣公館鄉,0.5885872342984276,0.7679788039364118,12174,15852,28318,33261
苗栗縣銅鑼鄉,0.6074086508869118,0.7717710371819961,6310,8176,15424,17871
苗栗縣南庄鄉,0.6192989444333798,0.788152120916626,3233,4102,8784,10042
苗栗縣頭屋鄉,0.6270741539326896,0.7803586678052946,4569,5855,9390,10667
苗栗縣三義鄉,0.5937422858553444,0.7846509240246407,6114,7792,13889,16204
苗栗縣西湖鄉,0.664012512441348,0.7872592592592592,2657,3375,6382,7033
苗栗縣造橋鄉,0.6144398078891425,0.7807133421400264,4728,6056,11027,12701
苗栗縣三灣鄉,0.6425223045516407,0.7900063251106895,2498,3162,5852,6613
苗栗縣獅潭鄉,0.6809051027476334,0.820230607966457,1565,1908,3968,4331
苗栗縣泰安鄉,0.6254346746150025,0.8145040455498951,2718,3337,5180,6039
彰化縣彰化市,0.5573778944609395,0.7406712416898992,82890,111912,190995,232729
彰化縣鹿港鎮,0.5562325784975466,0.7707419706456438,30405,39449,70505,86818
彰化縣和美鎮,0.5625895001211694,0.7471603373470482,30653,41026,75286,90782
彰化縣線西鄉,0.5762752075919336,0.7704835880731646,6150,7982,14065,16860
彰化縣伸港鄉,0.5664179305514399,0.7558579448376861,12387,16388,30407,37121
彰化縣福興鄉,0.5771478356956161,0.7734222828204129,15883,20536,39745,47059
彰化縣秀水鄉,0.5642259041510779,0.7584370414651378,13956,18401,32394,39291
彰化縣花壇鄉,0.5739210084400148,0.7690727175272467,17218,22388,38924,45853
彰化縣芬園鄉,0.6070474494339143,0.7725718510304038,8360,10821,20408,23583
彰化縣員林市,0.5546160621346785,0.74849744074477,41969,56071,102028,124890
彰化縣溪湖鎮,0.5564526325295764,0.7599297433236198,19037,25051,45147,55365
彰化縣田中鎮,0.5841698562865603,0.7772181522181523,15277,19656,35391,41541
彰化縣大村鄉,0.5852899805236962,0.7624544690389465,13606,17845,31492,36968
彰化縣埔鹽鄉,0.6048675292667899,0.790886899918633,12636,15977,28026,32460
彰化縣埔心鄉,0.5882285220895093,0.7651502046935363,13270,17343,29642,34745
彰化縣永靖鄉,0.5799469725664196,0.7705605908022827,13773,17874,31239,36962
彰化縣社頭鄉,0.5834615922764796,0.7713888475098069,15535,20139,36306,42882
彰化縣二水鄉,0.6256186893684419,0.7774164173279563,5976,7687,13339,15153
彰化縣北斗鎮,0.5705110891029681,0.7748503773093937,11911,15372,27593,33321
彰化縣二林鎮,0.6017690359347792,0.774554091184278,16632,21473,42976,50536
彰化縣田尾鄉,0.5849795141937372,0.7711702046133804,10063,13049,23179,27336
彰化縣埤頭鄉,0.6039071718893405,0.7726345520163188,9848,12746,25677,30508
彰化縣芳苑鄉,0.6383290035534056,0.7891253666240505,10493,13297,29291,33489
彰化縣大城鄉,0.6654902195369983,0.8042910447761195,4311,5360,14713,16717
彰化縣竹塘鄉,0.6286849950314674,0.7834094368340944,5147,6570,12821,15095
彰化縣溪州鄉,0.6101478494623656,0.7809920666720089,9746,12479,25405,29760
南投縣南投市,0.5732975612697073,0.7638645888432274,37547,49154,84328,99519
南投縣埔里鎮,0.5768981827234254,0.7809999207669757,29571,37863,68763,80340
南投縣草屯鎮,0.5806896693746847,0.7572466884569069,35215,46504,82922,97119
南投縣竹山鎮,0.608984231756509,0.7813172097553057,19254,24643,47034,54540
南投縣集集鎮,0.6345797852647168,0.7664829944898347,4034,5263,9611,10804
南投縣名間鄉,0.6111067555207108,0.7700826621449767,14533,18872,33408,38265
南投縣鹿谷鄉,0.6638208853960536,0.7980271270036992,6472,8110,15941,17687
南投縣中寮鄉,0.65095367847411445,0.801673640167364,5748,7170,13181,14680
南投縣魚池鄉,0.6265473243191773,0.785063752276867,5603,7137,13958,15753
南投縣國姓鄉,0.6350850823984111,0.8016510234083456,7089,8843,16597,18629
南投縣水里鄉,0.6203132144490169,0.780749969463784,6392,8187,15458,17496
南投縣信義鄉,0.5581638940234135,0.8500061675095596,6891,8107,13299,16230
南投縣仁愛鄉,0.569791470975014,0.8266164105537837,5702,6898,12589,15969
雲林縣斗六市,0.5656704317222826,0.7438735336654346,37033,49784,89761,108542
雲林縣斗南鎮,0.5906121624351808,0.7612619081813394,15902,20889,38138,44547
雲林縣虎尾鎮,0.5725820111794929,0.7485432991762105,22353,29862,58167,70844
雲林縣西螺鎮,0.5815170197985412,0.733918280463112,14136,19261,38142,46064
雲林縣土庫鎮,0.609224143918872,0.7602095982699826,9140,12023,24412,28794
雲林縣北港鎮,0.5881468487658188,0.7637183806315309,13375,17513,33958,39905
雲林縣古坑鄉,0.6273678168250526,0.772899926953981,10581,13690,27477,31358
雲林縣大埤鄉,0.6201261166579085,0.7862783810463968,6372,8104,16509,19030
雲林縣莿桐鄉,0.6050935442288262,0.7596169067595377,9597,12634,24570,28703
雲林縣林內鄉,0.5998332870241734,0.7742958175832215,6350,8201,15551,17995
雲林縣二崙鄉,0.6351889778439769,0.7665324899367453,7998,10434,23367,26855
雲林縣崙背鄉,0.6265352228383652,0.7727036844836533,7445,9635,21050,24345
雲林縣麥寮鄉,0.5660663260888389,0.7634189031505251,13085,17140,37119,46196
雲林縣東勢鄉,0.6600297981850196,0.7779947916666666,4780,6144,13239,14766
雲林縣褒忠鄉,0.6254646840148699,0.7495896407076418,4110,5483,11381,12912
雲林縣臺西鄉,0.655204382638011,0.7833610648918469,7062,9015,21125,23730
雲林縣元長鄉,0.6596732051632024,0.7813275769023206,7239,9265,22830,25643
雲林縣四湖鄉,0.6684906717221767,0.7731362467866324,6015,7780,20983,23209
雲林縣口湖鄉,0.6438627364716234,0.7994331601322626,8462,10585,24193,27276
雲林縣水林鄉,0.6525604551920341,0.7930805791975241,7175,9047,22508,25308
嘉義縣太保市,0.5736163282460794,0.7560404339250493,12266,16224,31568,38069
嘉義縣朴子市,0.5803571428571429,0.7654137911367136,13420,17533,35191,42112
嘉義縣布袋鎮,0.6443431815635154,0.7852648855657883,8612,10967,23965,26773
嘉義縣大林鎮,0.6121828068358364,0.7723194257514581,10329,13374,26922,30896
嘉義縣民雄鄉,0.5830285706278813,0.7584922479386202,23825,31411,61209,71367
嘉義縣溪口鄉,0.6389802631578947,0.7736024844720497,4982,6440,13105,14592
嘉義縣新港鄉,0.6090533682186426,0.771955981540646,10873,14085,27342,31723
嘉義縣六腳鄉,0.660191637630662,0.7956419316843345,6755,8490,20821,22960
嘉義縣東石鄉,0.6577298616761594,0.8088578088578089,6940,8580,21915,24580
嘉義縣義竹鄉,0.6750356320578884,0.7696262854276398,6137,7974,16647,18242
嘉義縣鹿草鄉,0.6657116812084907,0.7607913669064749,4653,6116,13937,15358
嘉義縣水上鄉,0.6063549355178847,0.7768550763461023,17400,22398,43857,49316
嘉義縣中埔鄉,0.6096357437645792,0.7697409093463722,13696,17793,39139,44584
嘉義縣竹崎鄉,0.6246346672661871,0.785297325036885,12242,15589,31228,35584
嘉義縣梅山鄉,0.6418939943989213,0.7761261261261261,6892,8880,17083,19282
嘉義縣番路鄉,0.6433945756780403,0.7948384701076866,4281,5386,10156,11430
嘉義縣大埔鄉,0.6384966326308928,0.7598274209012464,1585,2086,3999,4603
嘉義縣阿里山鄉,0.599249597998928,0.8264733395696913,1767,2138,4691,5597
屏東縣屏東市,0.5634550063625342,0.7411279449738352,64865,87522,170148,199606
屏東縣潮州鎮,0.5776445920620489,0.7646624059823486,17588,23001,46444,53893
屏東縣東港鎮,0.5616533299729065,0.7661601725089012,15278,19941,39495,47613
屏東縣恆春鎮,0.5807320397170485,0.752668416447944,8603,11430,25661,30818
屏東縣萬丹鄉,0.5879162212455953,0.7661181548421905,17040,22242,43478,50514
屏東縣長治鄉,0.6008693601105233,0.7537548538354458,10288,13649,26256,29677
屏東縣麟洛鄉,0.6210583544762596,0.7391846181235535,4152,5617,9970,11036
屏東縣九如鄉,0.5932188024114954,0.7614452884417984,7418,9742,19132,22061
屏東縣里港鄉,0.5954154507756105,0.7459592410400562,8492,11384,22128,26044
屏東縣鹽埔鄉,0.5981181227885999,0.7681133103323043,8460,11014,22402,25719
屏東縣高樹鄉,0.6439878608923885,0.7536041939711664,7475,9919,21697,24384
屏東縣萬巒鄉,0.607487981352887,0.7772457820337437,6818,8772,17945,20593
屏東縣內埔鄉,0.5981336043610829,0.7622068084329652,16703,21914,47558,54115
屏東縣竹田鄉,0.6224662655528944,0.7711792509998788,6363,8251,15353,17119
屏東縣新埤鄉,0.6402164111812444,0.7883709981167608,3349,4248,9033,9981
屏東縣枋寮鄉,0.6159602022776796,0.7836542977923908,8342,10645,21394,24323
屏東縣新園鄉,0.602408256880734,0.7627488590515246,11532,15119,30706,34880
屏東縣崁頂鄉,0.5399832463431922,0.7450205761316873,4526,6075,12270,15519
屏東縣林邊鄉,0.6202865973588086,0.7833824251350024,6383,8148,15691,17795
屏東縣南州鄉,0.624870758529937,0.7573620904189133,3652,4822,9479,10639
屏東縣佳冬鄉,0.6260132838240677,0.7723649247121346,6104,7903,17063,19121
屏東縣琉球鄉,0.6222096408929149,0.8138794084186576,3577,4395,10706,12364
屏東縣車城鄉,0.6180482686253935,0.7488387524883875,2257,3014,7595,8577
屏東縣滿州鄉,0.6241214859437751,0.7647858599592114,2250,2942,7206,7968
屏東縣枋山鄉,0.6247726445980356,0.7745346869712352,1831,2364,4856,5498
屏東縣三地門鄉,0.5606080291022476,0.7779527559055118,2964,3810,6373,7697
屏東縣霧臺鄉,0.5927251043530113,0.7849860982391103,1694,2158,2950,3354
屏東縣瑪家鄉,0.552643139551911,0.7917463787920197,2897,3659,5663,6829
屏東縣泰武鄉,0.5539688427299704,0.7925551138417058,2193,2767,4344,5392
屏東縣來義鄉,0.5768868559128212,0.8047897521581732,2890,3591,6257,7433
屏東縣春日鄉,0.5483805255652883,0.7595983461311282,1286,1693,3923,4909
屏東縣獅子鄉,0.5946709729511506,0.8258492776259274,2115,2561,4230,4954
屏東縣牡丹鄉,0.5944589439871512,0.7459246767847105,1327,1779,4314,4981
臺東縣臺東市,0.5514857018366438,0.7737204170812962,35766,46226,87803,105573
臺東縣成功鎮,0.6109253858738175,0.8137679902895787,4693,5767,12426,14059
臺東縣關山鎮,0.586234631736183,0.7710570944036179,2728,3538,7509,8703
臺東縣卑南鄉,0.5824309456251086,0.7776725304465494,5747,7390,14976,17269
臺東縣鹿野鄉,0.617015873015873,0.7530949105914718,2190,2908,6936,7875
臺東縣池上鄉,0.6133674838394926,0.7791735537190083,2357,3025,7162,8199
臺東縣東河鄉,0.6247198962141762,0.7922858046158711,2506,3163,7635,8479
臺東縣長濱鄉,0.6208576998050682,0.7975724353954581,2037,2554,6484,7182
臺東縣太麻里鄉,0.6020453933793846,0.8158102766798419,4128,5060,9666,11147
臺東縣大武鄉,0.5975851802844856,0.7993827160493827,2072,2592,5266,6046
臺東縣綠島鄉,0.5721259458140102,0.7127107652399481,1099,1542,3579,4097
臺東縣海端鄉,0.5007166746297181,0.8138987043580683,1382,1698,3278,4186
臺東縣延平鄉,0.528941565600882,0.8120024494794856,1326,1633,2930,3628
臺東縣金峰鄉,0.5391815993581172,0.7936590436590436,1527,1924,3028,3739
臺東縣達仁鄉,0.5843575418994413,0.8042269187986651,1446,1798,3137,3580
臺東縣蘭嶼鄉,0.5030056234244716,0.7530940594059405,1217,1616,4181,5157
花蓮縣花蓮市,0.5500043335484057,0.7628059095522725,33819,44335,84807,103841
花蓮縣鳳林鎮,0.6262216485340217,0.8,3992,4990,9676,10846
花蓮縣玉里鎮,0.5672512183946349,0.8100010662117496,7597,9379,20650,24007
花蓮縣新城鄉,0.5688774244754204,0.776735247569523,6871,8846,17029,20159
花蓮縣吉安鄉,0.5801660638540753,0.7807696500599586,28648,36692,72116,83221
花蓮縣壽豐鄉,0.6140174940108084,0.7831991347193847,6517,8321,15847,17949
花蓮縣光復鄉,0.6102900930487137,0.8089285714285714,4530,5600,11417,12789
花蓮縣豐濱鄉,0.6306818181818182,0.7734643734643735,1574,2035,4395,4752
花蓮縣瑞穗鄉,0.5997600274254371,0.8155041930865208,3987,4889,10279,11668
花蓮縣富里鄉,0.6154519801498491,0.7964884277733439,2994,3759,9065,10277
花蓮縣秀林鄉,0.5127674258109041,0.7852512155591572,4845,6170,12562,15939
花蓮縣萬榮鄉,0.5217323570649633,0.8089887640449438,2376,2937,5269,6419
花蓮縣卓溪鄉,0.5272906080970333,0.8211968276856525,2278,2774,4947,6101
澎湖縣馬公市,0.5532981951764894,0.7567204301075269,19142,25296,53655,62610
澎湖縣湖西鄉,0.5978484308619981,0.7852486496554293,4216,5369,12741,14594
澎湖縣白沙鄉,0.6246056782334385,0.7979539641943734,2808,3519,8625,9827
澎湖縣西嶼鄉,0.6361240867169721,0.7818336162988115,1842,2356,7382,8349
澎湖縣望安鄉,0.6294173829990449,0.7836065573770492,1434,1830,4628,5235
澎湖縣七美鄉,0.6216993464052287,0.7373225152129818,727,986,3374,3825
基隆市中正區,0.5843429456164119,0.7432627526467758,15445,20780,45545,51670
基隆市七堵區,0.5732029303484437,0.7259437141894169,17231,23736,46256,53782
基隆市暖暖區,0.5706776457184287,0.7167539267015707,12321,17190,33225,38619
基隆市仁愛區,0.5696546992911045,0.7255254937258432,13703,18887,36738,43730
基隆市中山區,0.5801721591628338,0.7247623574144487,15249,21040,41856,47398
基隆市安樂區,0.5699686489902058,0.711141060197664,25328,35616,70396,82294
基隆市信義區,0.5780259010292051,0.7154774507728139,16896,23615,46014,52662
新竹市東區,0.5382667025412171,0.6797019053472649,61929,91112,163757,215566
新竹市北區,0.5627608304379644,0.7105859212016451,47686,67108,123122,151679
新竹市香山區,0.5760938895267254,0.7298590273452981,25783,35326,64896,78390
嘉義市東區,0.5536801967613608,0.7165728002954482,38806,54155,100647,121162
嘉義市西區,0.5485351959853519,0.7322931195683828,47777,65243,120906,147460
臺北市松山區,0.5748753050529407,0.650645653698585,63084,96956,169278,205702
臺北市信義區,0.5856378073999803,0.6637358543286919,71262,107365,190444,223406
臺北市大安區,0.5757099885702445,0.645903887895135,91356,141439,252645,308843
臺北市中山區,0.5764765358064291,0.6449617874023791,69454,107687,195148,229456
臺北市中正區,0.5678427672955975,0.6575250192455735,47831,72744,128292,159000
臺北市大同區,0.5687365328109696,0.6544466961230524,39399,60202,107557,127625
臺北市萬華區,0.5854337747820446,0.6773507916481968,59594,87981,164020,189603
臺北市文山區,0.5735821626083971,0.6624455514276778,86838,131087,227211,273762
臺北市南港區,0.5787129119750144,0.6604327986725663,38210,57856,101907,121670
臺北市內湖區,0.5658406075935275,0.6437826339199381,86554,134446,236824,287429
臺北市士林區,0.577764671394271,0.6589835308145168,88429,134190,241854,286544
臺北市北投區,0.5741981434810512,0.6597835508981522,76876,116517,213250,255532
高雄市鹽埕區,0.5858514485223825,0.7121079793568876,8969,12595,21617,24059
高雄市鼓山區,0.5564356718260509,0.7164834839721306,48435,67601,114979,140133
高雄市左營區,0.5548782965581698,0.7260357727621298,70061,96498,161367,196872
高雄市楠梓區,0.5589082703689542,0.7330808052423933,65220,88967,153132,185687
高雄市三民區,0.5622108866484997,0.7170330317594948,121735,169776,289519,340913
高雄市新興區,0.580674870669384,0.7145393349853904,19319,27037,44355,51032
高雄市前金區,0.5924490328351534,0.722172008621289,10387,14383,23928,26831
高雄市苓雅區,0.5753737149863246,0.723890200642324,64689,89363,146786,169648
高雄市前鎮區,0.5710311139428693,0.7357467326753938,68512,93119,161797,188340
高雄市旗津區,0.5754577983582404,0.72910927456382,9528,13068,24860,28506
高雄市小港區,0.5696136729596429,0.7398523264445053,56814,76791,132733,157742
高雄市鳳山區,0.5603125286841586,0.739777162566942,130402,176272,300510,359519
高雄市林園區,0.5672534707313582,0.7527155359692136,24254,32222,59129,69870
高雄市大寮區,0.5804965264496846,0.7562742372137264,41344,54668,97309,112421
高雄市大樹區,0.5811276244397263,0.769303671189146,15423,20048,36772,42390
高雄市大社區,0.5870419604669981,0.7350478468899522,12290,16720,30046,34604
高雄市仁武區,0.5741897963372636,0.7503885827327964,31863,42462,73611,87694
高雄市鳥松區,0.6021273246531291,0.7288492080525389,16980,23297,39191,44469
高雄市岡山區,0.5683449532970145,0.7574167093798052,36943,48775,81244,97103
高雄市橋頭區,0.590996015936255,0.7512955974842768,14932,19875,32565,37650
高雄市燕巢區,0.5994299128101945,0.7561674470612901,10820,14309,26012,29820
高雄市田寮區,0.6998184103925129,0.8062418725617685,2480,3076,6671,7159
高雄市阿蓮區,0.581094284318515,0.7526691758199554,9799,13019,24534,28658
高雄市路竹區,0.5798089002245993,0.7546671996801919,18878,25015,43850,52538
高雄市湖內區,0.5910250385983755,0.7582769668921324,10650,14045,25729,29794
高雄市茄萣區,0.5755259397121871,0.7588915557495091,10434,13749,26212,30089
高雄市永安區,0.6106118340642749,0.7643180881747013,5565,7281,12001,13909
高雄市彌陀區,0.5945875753168502,0.7789249924081385,7695,9879,16487,19252
高雄市梓官區,0.5803561491374513,0.7717277486910995,14003,18145,31025,35940
高雄市旗山區,0.6015769944341373,0.7733786039017092,13439,17377,31996,36652
高雄市美濃區,0.6601833842734093,0.8003713006443158,14658,18314,35311,39589
高雄市六龜區,0.6179766597109514,0.7938961553705906,4006,5046,11501,12939
高雄市甲仙區,0.6294390972452705,0.7916334661354582,1987,2510,5417,6026
高雄市杉林區,0.6457821110640102,0.8042969580940226,3781,4701,10607,11795
高雄市內門區,0.6529057283369121,0.8045173870653234,4951,6154,13002,14437
高雄市茂林區,0.5085255767301906,0.8199052132701422,865,1055,1615,1994
高雄市桃源區,0.5339828346091394,0.833890214797136,1747,2095,3498,4311
高雄市那瑪夏區,0.5209656925031766,0.8476190476190476,1424,1680,2424,3148
新北市板橋區,0.5571779313626876,0.695120365883924,176457,253851,463411,554742
新北市三重區,0.5533634332574787,0.692069012547736,121782,175968,329846,385826
新北市中和區,0.5744243440989513,0.7025200810007444,134952,192097,355978,412486
新北市永和區,0.5678884476566952,0.6930373530154632,74085,106899,187798,221098
新北市新莊區,0.5454334369030578,0.6974232623903937,132191,189542,344981,417754
新北市新店區,0.5883314418441523,0.7015984319355106,101656,144892,264053,302231
新北市樹林區,0.5533417415980777,0.7054362507589933,56928,80699,152102,183946
新北市鶯歌區,0.550931554752724,0.7166998282864073,26295,36689,71645,86361
新北市三峽區,0.55096701778622,0.7206241264940862,34546,47939,94291,115820
新北市淡水區,0.57588385148298,0.6932187150689306,52094,75148,147272,173502
新北市汐止區,0.5790410651507218,0.6865921156670055,60784,88530,173831,200535
新北市瑞芳區,0.5949677354809665,0.7440133655095601,12024,16161,35036,39982
新北市土城區,0.5546240834779085,0.696763875823142,74066,106300,200783,236901
新北市蘆洲區,0.5404108636481036,0.6923050147355719,59667,86186,167457,201332
新北市五股區,0.5596033777757184,0.7149321266968326,26544,37128,72443,86329
新北市泰山區,0.5511637952939981,0.7162213351204872,24580,34319,64252,78708
新北市林口區,0.550040424778118,0.6830888994021762,31765,46502,86203,110081
新北市深坑區,0.5719302699500719,0.6980234260614934,7628,10928,20624,23634
新北市石碇區,0.6274738067520372,0.7533132530120482,2501,3320,6861,7731
新北市坪林區,0.6571385359951604,0.7725490196078432,2167,2805,5891,6612
新北市三芝區,0.5942205587953695,0.7300021445421403,6808,9326,20119,22978
新北市石門區,0.6056954189021874,0.7429406037000974,3815,5135,10528,12115
新北市八里區,0.5712743535701434,0.7202209414024976,11996,16656,32970,38906
新北市平溪區,0.6907415345049293,0.8042704626334519,1582,1967,4321,4666
新北市雙溪區,0.6512415349887133,0.7795580110497238,2822,3620,7999,8860
新北市貢寮區,0.6711649459393545,0.7547532578508865,3533,4681,11279,12301
新北市金山區,0.6026453568476164,0.7487253380625138,6755,9022,18978,21774
新北市萬里區,0.6255664310313577,0.7598633458232312,6895,9074,19297,22068
新北市烏來區,0.5754892823858341,0.7591397849462366,2118,2790,5264,6438
臺中市中區,0.5398617262612078,0.7464358452138493,5864,7856,14696,18514
臺中市東區,0.5638464063012799,0.7356438634553594,26787,36413,64291,76175
臺中市南區,0.5526955526955527,0.7082234163816968,43492,61410,103643,125874
臺中市西區,0.551159052014728,0.6930805019555506,37391,53949,95040,115698
臺中市北區,0.5583198357244997,0.7089508523226524,48410,68284,124621,147557
臺中市西屯區,0.5418580238813804,0.7020556907062621,72436,103177,183814,228630
臺中市南屯區,0.5378858033736182,0.6987299945769381,55403,79291,135448,170618
臺中市北屯區,0.551788955842705,0.7164981461424743,90632,126493,227720,279297
臺中市豐原區,0.5544499326448137,0.7397756752632382,58173,78636,136658,167025
臺中市東勢區,0.5995900986946833,0.7947900273337198,19191,24146,43181,50256
臺中市大甲區,0.5543574879227053,0.7467445121776709,26092,34941,63069,77625
臺中市清水區,0.5629389146001704,0.7529630841239086,29922,39739,71528,86862
臺中市沙鹿區,0.5482307422485359,0.7413447994662318,30000,40467,74207,94079
臺中市梧棲區,0.54876498677385,0.7404849721415679,18872,25486,47040,58218
臺中市后里區,0.5709173893199452,0.7424975798644724,18408,24792,44962,54775
臺中市神岡區,0.5672414055485383,0.7596794001680564,23506,30942,54565,65711
臺中市潭子區,0.5547029884719876,0.7482175226586103,37149,49650,89487,108952
臺中市大雅區,0.545206909147837,0.7405092917661377,31639,42726,77189,95815
臺中市新社區,0.6005045572916666,0.7855538922155688,8396,10688,20860,24576
臺中市石岡區,0.5899973254880985,0.7752683674891956,5561,7173,12880,14956
臺中市外埔區,0.5879304995345951,0.7743298560676086,11728,15146,27059,32230
臺中市大安區,0.5978097264753205,0.7751556866601115,7095,9153,16520,19267
臺中市烏日區,0.5588149445417396,0.7380570695735813,25322,34309,61705,75372
臺中市大肚區,0.5614053450561719,0.7619282971524161,20041,26303,47457,57324
臺中市龍井區,0.5523218544065233,0.7435994414057954,25559,34372,63584,77998
臺中市霧峰區,0.573141925356985,0.7599645984132503,24043,31637,55225,65619
臺中市太平區,0.5524844590929952,0.7448185595235236,62027,83278,157926,191752
臺中市大里區,0.5421868517331121,0.7419863035720027,69234,93309,171769,212104
臺中市和平區,0.6317748524738992,0.8287965616045845,4628,5584,9498,11015
臺南市新營區,0.567891054794697,0.7236829645528866,22927,31681,64949,77617
臺南市鹽水區,0.6103169915337665,0.7551456310679612,7778,10300,22121,25395
臺南市白河區,0.636078989503647,0.7607555089192025,7975,10483,24894,28105
臺南市柳營區,0.6225418533364773,0.7663299663299663,6828,8910,18804,21205
臺南市後壁區,0.6471772466375396,0.7677038626609443,7155,9320,20841,23346
臺南市東山區,0.6483548200885126,0.7764586651223396,5363,6907,18471,20788
臺南市麻豆區,0.5994577496610936,0.7292913900076194,13400,18374,37963,44260
臺南市下營區,0.6271951831409934,0.7578344612181156,7279,9605,20947,23916
臺南市六甲區,0.5992414664981036,0.7085785423268447,6261,8836,19144,22148
臺南市官田區,0.613352725907854,0.7439353099730458,6624,8904,18675,21314
臺南市大內區,0.6591358667360749,0.7958219348420791,3200,4021,8654,9605
臺南市佳里區,0.5857353214968772,0.7464371933650027,19170,25682,50407,59083
臺南市學甲區,0.6045977011494252,0.7649139579349904,8001,10460,22567,25665
臺南市西港區,0.5999189955447549,0.7551727652634798,7409,9811,21564,24690
臺南市七股區,0.6248020411754355,0.7830402416657676,7258,9269,19950,22732
臺南市將軍區,0.6441212367778681,0.7379804721295267,5971,8091,17754,19664
臺南市北門區,0.6480861460501313,0.7949975478175576,3242,4078,9925,11051
臺南市新化區,0.5845452871870398,0.7469421317709939,14534,19458,37296,43456
臺南市善化區,0.5792558405489299,0.7138644542183127,14283,20008,39950,48968
臺南市新市區,0.5704645238224294,0.7339727410398789,11632,15848,30386,36898
臺南市安定區,0.5941672407571433,0.7509089559991096,10120,13477,26104,30483
臺南市山上區,0.6278529451961187,0.7676258992805756,2134,2780,6511,7317
臺南市玉井區,0.6315639065514038,0.785934819897084,4582,5830,12357,13997
臺南市楠西區,0.6483170808430324,0.7944354403025392,2941,3702,8528,9537
臺南市南化區,0.6591013296652911,0.78631995477671,2782,3538,7786,8724
臺南市左鎮區,0.6931604266889771,0.8294812532100667,1615,1947,4418,4781
臺南市仁德區,0.5851762039062706,0.7424602232248873,25012,33688,64632,75878
臺南市歸仁區,0.5705305322865957,0.727897312152289,21719,29838,57387,68403
臺南市關廟區,0.6061188251389981,0.7553970701619122,11757,15564,29913,34353
臺南市龍崎區,0.7136420525657071,0.7935883014623172,1411,1778,3713,3995
臺南市永康區,0.5577480618669937,0.7161764409410721,71049,99206,195001,234891
臺南市東區,0.5463838926174497,0.6953472772730045,57015,81995,153359,186250
臺南市南區,0.5688008716272511,0.7267360600264823,39517,54376,108650,124824
臺南市北區,0.5601080901053651,0.7096356385698217,41640,58678,110906,132112
臺南市安南區,0.5528644837105429,0.7266061840399926,58866,81015,159654,193438
臺南市安平區,0.5496817671284163,0.697248042157652,19053,27326,55379,66775
臺南市中西區,0.5582918622948303,0.7070143120306079,24947,35285,65261,78167
桃園市桃園區,0.5530134003424979,0.6962692802782232,123326,177124,359790,447302
桃園市中壢區,0.5609748994692559,0.7246565386599146,123638,170616,334402,412063
桃園市大溪區,0.5699636401960267,0.7494445566552211,29684,39608,78285,94885
桃園市楊梅區,0.5657471534217631,0.7564775191980773,51619,68236,137917,170380
桃園市蘆竹區,0.5553034358575044,0.7163930080616239,45943,64131,129252,164384
桃園市大園區,0.5658722823695097,0.7375781598928093,26423,35824,73900,90888
桃園市龜山區,0.5654737812206163,0.7074387782668806,44517,62927,131702,160591
桃園市八德區,0.5664398263088656,0.7296437262120172,58470,80135,165065,202198
桃園市龍潭區,0.5733468642175766,0.759405734997074,40228,52973,101574,123175
桃園市平鎮區,0.5584553822235571,0.738376325367938,69987,94785,183560,226412
桃園市新屋區,0.5983539930908351,0.7677346570397112,17013,22160,41461,49210
桃園市觀音區,0.5676237417975593,0.7451177323959379,20031,26883,55149,67358
桃園市復興區,0.5814069516048561,0.857703081232493,4593,5355,9766,12026
